https://lesmissnyc.com/	Less Miss	283 Mott St, New York, NY 10012
https://megest1994.com/	Meg	262 Mott St, New York, NY 10012
https://coclico.com/	Coclico	275 Mott St, New York, NY 10012
https://meilleur-moment.com/	Meilleur Moment	257 Elizabeth St, New York, NY 10012
https://corridornyc.com/	Corridor	245 Elizabeth St, New York, NY 10012
https://www.neverfullydressed.com/	Never Fully Dressed	243 Elizabeth St, New York, NY 10012
Nati Boutique	https://natiboutique.com/	44 Prince St, New York, NY 10012
https://descendantofthieves.com/	Descendant of Thieves	247 Mulberry St, New York, NY 10012
https://standardandstrange.com/	Standard & Strange	238 Mulberry St, New York, NY 10012
https://www.cleveralice.com/	Clever Alice	4 Prince St, New York, NY 10012
https://mutebyjl.co/	Mute by JL	219 Mott St Store 1, New York, NY 10012
https://tombolocompany.com/	Tombolo	208 Mott St, New York, NY 10012
https://aberizk.com/	Aberizk	9 Spring St, New York, NY 10012
https://onsclothing.com/	ONS Clothing	201 Mulberry St, New York, NY 10012
https://retrofete.com/	Retrofête	99 Spring St, New York, NY 10012
https://arisoho.com/	Ari	471 W Broadway, New York, NY 10012
https://www.jennikayne.com/collections	Jenni Kayne	125 Greene St, New York, NY 10012
https://www.marni.com/en-us/	Marni	159-161 Mercer St, New York, NY 10012
https://www.kirnazabete.com/?utm_source=google&utm_medium=gmb-soho	Kirna Zabête	160 Mercer St, New York, NY 10012
https://doors.nyc/	Doors	425 W Broadway, New York, NY 10012
https://misscircle.com/	Miss Circle	417 W Broadway, Manhattan, NY 10012
https://mureandgrand.com/		Mure and Grand	155 Spring St, New York, NY 10012
https://www.rouje.com/en-us/blogs/stores/new-york	Rouje	476 Broome St, New York, NY 10013
https://www.rails.com/collections	Rails	54 Greene St, New York, NY 10013
http://www.shopisalis.com/	Isalis	22 Prince St, New York, NY 10012	353 Bleecker St, New York, NY 10014
http://www.assemblynewyork.com/	Assembly	170 Ludlow St, New York, NY 10002
https://thefrankieshop.com/collections/	Frankie Shop		100 Stanton St, New York, NY 10002
https://www.aquelarreshop.com/shop/	Aquelarre	145 Orchard St, New York, NY 10002
http://www.edithmachinist.com/	Edith Machinist	104 Rivington St, New York, NY 10002
https://www.sora-nyc.com/	Sora	73 Orchard St, New York, NY 10002
https://pilgrimnyc.com/	Pilgrim	70 Orchard St, New York, NY 10002
https://colbo.nyc/	Colbo	51 Orchard St, New York, NY 10002
https://digsny.com/collections/	Digs	1054 3rd Ave, New York, NY 10065
https://boutiqueludivine.com/	Ludivine	24 E 73rd St, New York, NY 10065
https://www.shopburu.com/	BURU Boutique	1042 Lexington Ave, New York, NY 10021
https://www.shopmixology.com/collections/	Mixology Clothing Company	1422 3rd Ave, New York, NY 10028
https://www.designerrevival.com/	Designer Revival	324 E 81st St, New York, NY 10028
https://pookieandsebastian.com/	Pookie & Sebastian	1480 3rd Ave, New York, NY 10028
https://frenchsoleshoes.com/collections/	French Sole	980 Lexington Ave, New York, NY 10021
https://blueandcream.com/	Blue & Cream	1196 Madison Ave, New York, NY 10128
https://www.marinelayer.com/	Marine Layer	367-369 Bleecker St, New York, NY 10014
https://www.jamesperse.com/	James Perse	368 Bleecker St, New York, NY 10014
https://www.joyfolie.com/	Joyfolie	345 Bleecker St, New York, NY 10014
https://www.aninebing.com/collections/	Annie Bing	330 Bleecker St, New York, NY 10014
https://www.buckmason.com/pages/buck-mason-west-village	Buck Mason	329 Bleecker St, New York, NY 10014
https://vivavoce.live/collections/	Viva Voce	276 Bedford Ave, Brooklyn, NY 11249